dataset,method,alpha,n,seeds,final_rouge_l_mean,final_rouge_l_std,best_rouge_l_mean,best_rouge_l_std,final_bleu_mean,final_bleu_std,best_bleu_mean,best_bleu_std,final_avg_loss_mean,final_avg_loss_std,best_avg_loss_mean,best_avg_loss_std,final_hallucination_rate_mean,final_hallucination_rate_std,best_hallucination_rate_mean,best_hallucination_rate_std,final_perplexity_mean,final_perplexity_std,best_perplexity_mean,best_perplexity_std,final_accuracy_mean,final_accuracy_std,best_accuracy_mean,best_accuracy_std,final_f1_macro_mean,final_f1_macro_std,best_f1_macro_mean,best_f1_macro_std
alpaca,FlexLoRA,0.5,3,"[42, 43, 44]",0.418,0.0149,0.4248,0.0178,21.4709,0.7648,21.831,0.8962,0.2098,0.0017,0.2031,0.0015,0.0,0.0,0.0,0.0,2.2541,0.0653,2.254,0.0653,,,,,,,,
alpaca,Hetero-Pad,0.5,3,"[42, 43, 44]",0.4182,0.0159,0.4211,0.0145,21.2387,0.8073,21.4668,0.6615,0.2101,0.0017,0.2035,0.0015,0.0,0.0,0.0,0.0,2.2567,0.0662,2.2565,0.0664,,,,,,,,
alpaca,SPA,0.5,3,"[42, 43, 44]",0.4182,0.0209,0.4241,0.0172,21.4131,1.4962,21.8462,1.1891,0.2099,0.0017,0.2033,0.0015,0.0,0.0,0.0,0.0,2.2553,0.0657,2.2549,0.0662,,,,,,,,
alpaca,FedAvg r=8,0.5,3,"[42, 43, 44]",0.4203,0.0122,0.4251,0.0155,21.845,0.804,22.015,0.7566,0.2083,0.0033,0.2024,0.0018,0.0,0.0,0.0,0.0,2.2507,0.0657,2.2507,0.0657,,,,,,,,
alpaca,SPA-M (Ours),0.5,3,"[42, 43, 44]",0.387,0.0063,0.3904,0.0083,18.911,0.1262,19.1946,0.1012,0.2137,0.0039,0.2087,0.0004,0.0,0.0,0.0,0.0,2.395,0.0706,2.3905,0.0701,,,,,,,,
gsm8k,FlexLoRA,0.5,3,"[42, 43, 44]",,,,,,,,,0.0444,0.0013,0.0413,0.0013,,,,,5.7437,0.0706,5.2001,0.1536,75.3333,1.2472,84.0,0.8165,,,,
gsm8k,Hetero-Pad,0.5,1,[42],,,,,,,,,0.0446,0.0,0.043,0.0,,,,,5.8233,0.0,5.0708,0.0,77.0,0.0,81.0,0.0,,,,
gsm8k,SPA,0.5,3,"[42, 43, 44]",,,,,,,,,0.045,0.0005,0.0427,0.0013,,,,,5.8026,0.0603,5.1932,0.1518,75.0,1.4142,82.6667,0.9428,,,,
gsm8k,FedAvg r=8,0.5,3,"[42, 43, 44]",,,,,,,,,0.0415,0.0006,0.0399,0.0008,,,,,5.9571,0.0646,5.232,0.0333,71.6667,1.8856,82.6667,0.4714,,,,
yelp,FlexLoRA,0.1,5,"[42, 43, 44, 45, 46]",,,,,,,,,0.8903,0.0085,0.8463,0.0578,,,,,7.5014,0.1421,7.4619,0.1052,41.42,11.4343,53.384,2.7479,38.2973,15.824,51.5629,2.8858
yelp,Hetero-Pad,0.1,5,"[42, 43, 44, 45, 46]",,,,,,,,,0.8851,0.0087,0.7927,0.0727,,,,,7.5262,0.138,7.5142,0.1298,43.504,8.2401,55.908,0.6714,37.1308,11.6848,52.8248,1.7215
yelp,SPA,0.1,5,"[42, 43, 44, 45, 46]",,,,,,,,,0.8896,0.0076,0.8547,0.0439,,,,,7.4374,0.1221,7.4305,0.1138,40.932,11.1545,52.996,2.2083,34.0455,14.7716,48.0116,2.3378
yelp,FedAvg r=4,0.1,4,"[43, 44, 45, 46]",,,,,,,,,0.8916,0.0143,0.8512,0.0486,,,,,7.4634,0.1262,7.4621,0.1264,35.085,14.5627,51.205,2.4724,26.8522,18.4662,47.0206,2.5743
yelp,FedAvg r=8,0.1,4,"[43, 44, 45, 46]",,,,,,,,,0.8878,0.0103,0.8392,0.0471,,,,,7.4368,0.1198,7.428,0.1181,40.28,14.7604,55.035,1.0664,32.1055,17.9021,50.1794,1.6422
yelp,SPA-M (Ours),0.1,5,"[42, 43, 44, 45, 46]",,,,,,,,,0.9229,0.0214,0.8646,0.0537,,,,,7.8965,0.1991,7.875,0.2017,47.588,7.435,53.368,2.7086,43.6815,10.3737,51.3767,3.8427
yelp,FlexLoRA,0.5,5,"[42, 43, 44, 45, 46]",,,,,,,,,0.8957,0.0142,0.8728,0.0067,,,,,7.378,0.1537,7.3755,0.1502,54.496,5.3014,58.008,3.5403,50.3521,7.4071,56.7187,4.4721
yelp,Hetero-Pad,0.5,5,"[42, 43, 44, 45, 46]",,,,,,,,,0.8961,0.0143,0.8736,0.0064,,,,,7.3839,0.1538,7.3813,0.1504,52.22,4.5252,57.236,0.9224,46.9253,5.2698,56.4042,0.8315
yelp,SPA,0.5,5,"[42, 43, 44, 45, 46]",,,,,,,,,0.896,0.0142,0.8733,0.0065,,,,,7.3825,0.1553,7.3803,0.1521,53.512,5.4284,57.748,3.8396,48.7847,7.8228,56.4994,4.8006
yelp,FedAvg r=4,0.5,5,"[42, 43, 44, 45, 46]",,,,,,,,,0.901,0.0117,0.8778,0.003,,,,,7.3968,0.1585,7.3954,0.1564,50.452,4.833,55.952,2.5722,45.3585,6.1405,53.4769,3.8359
yelp,FedAvg r=8,0.5,5,"[42, 43, 44, 45, 46]",,,,,,,,,0.8975,0.011,0.883,0.0049,,,,,7.3667,0.1543,7.3628,0.1488,56.836,2.5458,60.152,1.4289,53.111,4.0332,58.5835,3.2303
yelp,SPA-M (Ours),0.5,5,"[42, 43, 44, 45, 46]",,,,,,,,,0.9205,0.0102,0.8957,0.0028,,,,,7.9258,0.1617,7.9195,0.1547,46.74,2.0983,49.736,1.4899,43.4724,2.4857,47.3759,2.8496
